{"stats":{"minecraft:custom":{"minecraft:time_since_rest":4833,"minecraft:crouch_one_cm":39,"minecraft:damage_taken":254,"minecraft:play_one_minute":12000,"minecraft:sprint_one_cm":11724,"minecraft:walk_one_cm":12921,"minecraft:deaths":3,"minecraft:sneak_time":70,"minecraft:mob_kills":11,"minecraft:drop":1,"minecraft:jump":118,"minecraft:damage_dealt":646,"minecraft:leave_game":2,"minecraft:time_since_death":5162,"minecraft:player_kills":2,"minecraft:fall_one_cm":631,"minecraft:fly_one_cm":123422},"minecraft:picked_up":{"bloodandmadness:coldblood_dew":2,"minecraft:bone":3,"minecraft:leather":3,"minecraft:wheat_seeds":4,"theabyss:guide_book":1,"minecraft:dirt":25,"alexsmobs:animal_dictionary":1},"minecraft:killed":{"minecraft:horse":2,"alexsmobs:lobster":3,"minecraft:cod":3,"animals:mosquito":2},"minecraft:dropped":{"minecraft:dirt":1},"minecraft:killed_by":{"minecraft:player":1},"minecraft:mined":{"minecraft:grass":10,"minecraft:grass_block":6},"minecraft:used":{"minecraft:dirt":19}},"DataVersion":2586}