{"stats":{"minecraft:custom":{"minecraft:jump":48,"minecraft:time_since_rest":4628,"minecraft:damage_dealt":370,"minecraft:leave_game":2,"minecraft:play_one_minute":4628,"minecraft:sprint_one_cm":2705,"minecraft:time_since_death":4628,"minecraft:walk_one_cm":6611,"minecraft:mob_kills":2,"minecraft:drop":1,"minecraft:fly_one_cm":6094},"minecraft:picked_up":{"minecraft:leather":3,"minecraft:dirt":7},"minecraft:killed":{"minecraft:horse":2},"minecraft:dropped":{"minecraft:dirt":1},"minecraft:mined":{"minecraft:grass_block":6},"minecraft:used":{"minecraft:dirt":7}},"DataVersion":2586}