{"stats":{"minecraft:custom":{"minecraft:play_one_minute":11246,"minecraft:time_since_death":3858,"minecraft:time_since_rest":3011,"minecraft:sprint_one_cm":26293,"minecraft:damage_taken":811,"minecraft:walk_one_cm":32585,"minecraft:damage_dealt":277,"minecraft:player_kills":2,"minecraft:fly_one_cm":191582,"minecraft:crouch_one_cm":1154,"tombstone:undead_killed":1,"minecraft:deaths":4,"minecraft:sneak_time":350,"tombstone:tomb_raiding":2,"minecraft:jump":288,"minecraft:fall_one_cm":4356},"minecraft:picked_up":{"minecraft:birch_log":7,"minecraft:seagrass":4,"minecraft:charcoal":1,"lycanitesmobs:quillcharge":2,"minecraft:air":0,"minecraft:feather":18,"minecraft:clay_ball":4,"minecraft:prismarine_shard":8,"minecraft:salmon":2,"minecraft:andesite":105,"minecraft:redstone_lamp":1,"minecraft:leather":22,"minecraft:enchanted_book":1,"minecraft:flint":1,"minecraft:oak_log":16,"relics:rune_of_love":5,"experimental_m:leaningsoul":3,"experimental_m:andspong":5,"lycanitesmobs:raw_krake_meat":1,"minecraft:gunpowder":15,"iceandfire:manuscript":1,"minecraft:string":5,"minecraft:dirt":2897,"relics:magic_mirror":2,"minecraft:name_tag":2,"minecraft:glass":2,"minecraft:pufferfish":2,"minecraft:bone":34,"forestcraft:sky_fragment":1,"bloodandmadness:quicksilver_bullet":2,"bloodandmadness:blood_vial":5,"minecraft:activator_rail":3,"minecraft:wheat_seeds":38,"minecraft:detector_rail":4,"alexsmobs:cockroach_wing_fragment":2,"minecraft:iron_ingot":8,"minecraft:beef":25,"minecraft:iron_ore":4,"minecraft:rabbit":1,"experimental_m:opabi_eye":2,"minecraft:sugar_cane":3,"minecraft:birch_sapling":1,"lycanitesmobs:raw_maka_meat":1,"minecraft:stick":6,"minecraft:sandstone":29,"endrem:lost_eye":1,"minecraft:torch":84,"minecraft:quartz":8,"minecraft:dandelion":5,"minecraft:gravel":31,"theabyss:guide_book":1,"minecraft:sand":260,"minecraft:dried_kelp":4,"minecraft:cookie":2,"tombstone:grave_dust":1,"iceandfire:dragonegg_copper":1,"experimental_m:leaning_2":2,"experimental_m:leaning_3":6,"minecraft:diorite":153,"minecraft:redstone":8,"animals:sharkteeth":2,"alexsmobs:animal_dictionary":1,"iceandfire:dragonegg_red":1,"experimental_m:bouu":5,"bloodandmadness:coldblood_dew":371,"iceandfire:silver_ingot":4,"minecraft:arrow":13,"minecraft:rotten_flesh":19,"minecraft:sugar":4,"minecraft:diamond":1,"minecraft:tropical_fish":5,"minecraft:beetroot_seeds":15,"relics:spatial_sign":2,"animals:scale":1,"minecraft:granite":75,"minecraft:bone_meal":1,"minecraft:golden_apple":1,"minecraft:gold_ingot":1,"minecraft:bread":1,"minecraft:oak_sapling":9,"minecraft:rail":21,"minecraft:melon_seeds":2,"minecraft:coal":50,"minecraft:mutton":8,"bloodandmadness:blood_stone_shard":6,"minecraft:cod":11,"minecraft:white_wool":4,"alexsmobs:lobster_tail":17,"minecraft:cobblestone":1165,"minecraft:ender_pearl":1},"minecraft:killed":{"undead:thespectre":1},"minecraft:killed_by":{"minecraft:player":2,"lycanitesmobs:morock":1},"minecraft:mined":{"minecraft:grass_block":3,"minecraft:grass":10},"minecraft:used":{"minecraft:dirt":1,"endrem:ancient_portal_frame":14,"tombstone:gift":1,"alexsmobs:animal_dictionary":1,"iceandfire:dragonegg_red":1,"iceandfire:dragonegg_copper":1}},"DataVersion":2586}