{"stats":{"minecraft:custom":{"minecraft:time_since_rest":4961,"minecraft:sprint_one_cm":33869,"minecraft:damage_taken":863,"minecraft:walk_one_cm":24505,"minecraft:mob_kills":1,"minecraft:drop":7,"minecraft:damage_dealt":553,"minecraft:player_kills":1,"minecraft:fly_one_cm":241185,"minecraft:play_one_minute":10473,"minecraft:crouch_one_cm":193,"minecraft:deaths":4,"minecraft:sneak_time":481,"tombstone:tomb_raiding":2,"minecraft:jump":276,"minecraft:time_since_death":5022,"minecraft:fall_one_cm":5712},"minecraft:picked_up":{"minecraft:leather":2,"minecraft:dried_kelp":1,"minecraft:dirt":4,"tombstone:gift":1,"bloodandmadness:coldblood_dew":10,"minecraft:bone":3,"minecraft:tropical_fish":1,"minecraft:beetroot_seeds":1,"minecraft:wheat_seeds":7,"animals:scale":1,"minecraft:redstone_torch":1,"minecraft:bread":1,"minecraft:cod":2,"alexsmobs:lobster_tail":3,"minecraft:cobblestone":7},"minecraft:killed":{"lycanitesmobs:roc":1},"minecraft:dropped":{"minecraft:wheat_seeds":1,"alexsmobs:animal_dictionary":1,"tombstone:grave_key":1,"tombstone:gift":1,"tombstone:grave_dust":1,"lycanitesmobs:raw_maka_meat":1,"theabyss:guide_book":1},"minecraft:killed_by":{"minecraft:player":2,"lycanitesmobs:morock":1,"lycanitesmobs:feradon":1},"minecraft:mined":{"minecraft:grass":28,"minecraft:grass_block":1,"minecraft:tall_grass":12},"minecraft:used":{"minecraft:redstone_torch":2,"minecraft:dirt":1,"minecraft:redstone_lamp":1,"minecraft:tnt":234}},"DataVersion":2586}